1,Lou,120,10000
2,Ulrike,180,25000
3,Brade,325,20000
4,Kimbell,120,50000
5,Sheelagh,220,18000
6,Gayle,120,30000
9,Jeanine,325,18000
11,Brandea,180,15000
12,Cordelie,325,50000
13,Shel,120,50000
15,Megen,180,10000
19,Park,120,30000
21,Bobbye,180,15000
23,Johnny,325,33000
25,Braden,180,25000
28,Doro,120,33000
29,Gaye,120,37000
30,Toby,180,15000
31,Franny,325,15000
32,Katey,180,42000
35,Jehanna,220,50000
36,Cristie,180,10000
41,Brnaba,180,30000
44,Margarete,120,50000
45,Nikoletta,120,50000
47,Raine,180,30000
48,Noella,120,15000
50,Carroll,220,42000
52,Carline,220,12000
54,Julina,120,33000
55,Corina,220,37000
57,Homer,180,18000
58,Lianna,220,12000
59,Celene,120,50000
63,Loy,120,15000
64,Gabbey,120,37000
66,Dominica,120,33000
68,Cristobal,120,15000
69,Paulita,120,50000
70,Sayre,180,33000
76,Nananne,120,33000
78,Morse,180,25000
79,Roland,180,25000
80,Jesselyn,180,30000
81,Kylila,325,12000
82,Kendre,180,25000
84,Tatiania,120,20000
92,Lonni,220,50000
93,Nicky,180,42000
98,Jacquelin,120,30000
103,Desiri,120,25000
105,Kilian,120,42000
107,Gaven,180,10000
108,Carlie,220,10000
109,Trixie,325,42000
111,Petey,120,15000
114,Freddie,180,12000
115,Harmon,220,50000
117,Cherrita,180,33000
119,Glenda,220,37000
120,Lorettalorna,220,25000
123,Pippa,325,20000
126,Fonzie,325,15000
133,Cordy,120,18000
134,Stephenie,220,50000
135,Dunstan,325,20000
136,Gideon,180,15000
137,Johnette,220,10000
140,Corbin,120,42000
147,Gustie,180,42000
148,Benton,180,12000
149,Lena,325,25000
150,Dot,180,18000
151,Meryl,220,12000
152,Babbie,120,15000
155,Osbert,120,42000
156,Tanny,325,42000
160,Leonie,325,50000
161,Ferdie,120,15000
163,Pascale,220,15000
164,Cathrin,120,30000
166,Darleen,220,42000
169,Farley,325,12000
171,Clair,180,37000
172,Addy,325,33000
176,Wanids,325,30000
180,Nial,325,15000
183,Ruthe,325,30000
185,Marcellus,180,30000
188,Scarface,220,50000
194,Philipa,325,42000
197,Alasteir,120,20000
198,Eleonora,120,42000
200,Alana,220,30000
203,Cissiee,180,18000
204,Jillana,180,18000
209,Asia,325,37000
211,Marcile,120,30000
213,Darwin,220,18000
216,Nikoletta,120,12000
217,Dwight,220,42000
219,Kaile,325,33000
220,Mozes,220,25000
221,Aylmer,325,33000
222,Marina,120,12000
223,Enrico,325,50000
224,Zonda,325,33000
225,Adriano,220,33000
227,Adel,180,30000
228,Jeniece,180,15000
231,Marmaduke,220,10000
233,Peter,120,12000
236,Anastasia,180,18000
237,Cathleen,180,10000
238,Leeanne,120,15000
239,Chet,325,42000
243,Brigham,180,25000
244,Cal,120,42000
246,Adam,220,20000
247,Dotty,180,42000
248,Maynard,120,18000
251,Jenna,180,30000
253,Norene,220,25000
256,Gusty,120,10000
257,Jori,180,12000
258,Sydelle,220,30000
259,Merrile,180,50000
264,Stephen,120,37000
265,Blair,180,50000
268,Channa,325,50000
273,Bond,180,10000
278,Emory,220,15000
280,Koenraad,180,20000
281,Rafaellle,180,50000
282,Edie,325,25000
283,Osbert,325,15000
287,Ofelia,120,30000
291,Chalmers,220,10000
293,Russell,220,50000
294,Cleo,120,50000
297,Ddene,220,12000
299,Jody,180,33000
302,Ron,120,20000
303,Charin,180,12000
304,Coleman,220,33000
308,Davide,325,42000
311,Tabor,120,37000
313,Franchot,220,12000
314,Charisse,180,50000
315,Timothea,220,20000
316,Angelika,220,50000
320,Donaugh,120,12000
325,Maynord,220,42000
326,Lina,120,12000
327,Nerty,220,20000
330,Rosemarie,220,33000
334,Isak,220,20000
336,Dominique,220,37000
338,Filbert,325,20000
340,Melloney,325,33000
341,Rafaello,180,37000
345,Aldric,220,50000
346,Janeta,120,10000
348,Jefferey,220,33000
350,Maiga,120,20000
351,Heddi,325,20000
352,Marieann,325,50000
353,Carita,180,42000
355,Wilfred,180,20000
356,Isabelle,120,20000
357,Nisse,220,37000
360,Honor,120,30000
362,Buddy,120,50000
363,Neilla,180,50000
365,Neely,120,20000
366,Klarrisa,180,18000
367,Maryellen,120,37000
368,Clywd,220,33000
370,Ingrim,120,30000
371,Franni,325,42000
375,Nanni,180,25000
377,Hussein,325,25000
378,Brigg,220,10000
379,Crawford,180,12000
380,Fran,220,30000
383,George,325,15000
384,Nonnah,120,25000
388,Shauna,120,25000
389,Anna-maria,120,42000
399,Esdras,120,37000
401,Vail,120,33000
402,Rachel,325,12000
404,Willa,325,30000
406,Fredric,325,50000
407,Mikael,220,50000
408,Benson,120,20000
409,Sileas,120,20000
414,Morie,180,12000
415,Skylar,325,20000
419,Ed,180,18000
420,Lothaire,180,12000
421,Neila,120,15000
422,Jennifer,220,15000
423,Keelby,325,15000
424,Chuck,325,33000
426,Minnnie,180,20000
427,Carine,180,33000
428,Kelly,325,37000
431,Smitty,220,15000
432,Wade,325,12000
433,Emmit,180,12000
436,Felicdad,120,18000
439,Leelah,325,25000
441,Regine,180,10000
442,Tam,220,20000
443,Davon,220,20000
444,Chrissy,180,18000
445,Ozzie,120,20000
446,Rina,325,20000
447,Guy,180,42000
449,Julietta,220,42000
450,Alexandr,220,18000
453,Portie,220,15000
454,Korella,325,33000
455,Hilly,325,30000
457,Arnaldo,180,10000
458,Kassi,325,37000
460,Mac,325,20000
462,Marsiella,120,20000
463,Shea,120,12000
465,Carley,120,12000
466,Carlye,120,37000
472,Saidee,325,50000
473,Erek,180,10000
482,Tori,120,42000
483,Micheil,220,37000
484,Kym,120,20000
485,Melisse,220,10000
486,Bartholomew,120,33000
487,Rorie,220,25000
488,Hedvige,220,37000
494,Mirilla,180,30000
495,Willey,220,15000
496,Conrado,220,50000
497,Fredia,220,30000
498,Gretchen,180,12000
500,Warren,220,25000
501,Gabi,220,30000
502,Callie,220,50000
507,Patrice,220,37000
508,Lin,120,12000
509,Cornie,180,42000
510,Irena,180,20000
513,Lorna,325,42000
515,Torrey,325,42000
516,Pernell,325,50000
517,Danya,180,25000
518,Erda,325,37000
519,Ethe,325,20000
521,Sheridan,120,50000
522,Charles,180,42000
524,Janey,120,42000
526,Homer,325,10000
527,Eveline,325,37000
528,Helen-elizabeth,220,20000
529,Daveta,180,20000
532,Nathalie,120,37000
533,Dennison,325,25000
534,Bunnie,120,33000
536,Delmar,325,42000
540,Saunders,325,25000
541,Deny,180,18000
543,Margeaux,220,18000
544,Prisca,180,18000
547,Marj,120,18000
548,Mab,120,25000
549,Josiah,120,12000
550,Mathe,180,12000
552,Delmore,180,33000
553,Lynett,120,37000
555,Clarice,180,33000
556,Aeriela,120,37000
559,Jessamine,325,18000
562,Erica,120,10000
563,Keith,120,10000
566,Lemmie,325,18000
567,Dur,220,25000
568,Modesta,120,33000
570,Retha,220,15000
571,Carma,220,33000
575,Florida,180,37000
577,Adrianne,220,10000
578,Scarlett,325,20000
579,Shel,120,25000
581,Tiphani,220,33000
583,Annabell,180,15000
584,Basil,120,12000
585,Horatius,180,18000
586,Umeko,220,30000
587,Hayes,220,10000
588,Lynnette,220,37000
589,Hesther,180,33000
590,Trumaine,325,15000
591,Emlyn,325,50000
592,Corabelle,220,37000
593,Vic,220,25000
595,Gray,120,42000
596,Dylan,120,30000
598,Eachelle,180,37000
602,Brian,180,20000
603,Cahra,325,50000
604,Arvin,220,50000
607,Lydia,325,15000
608,Joshia,220,25000
609,Bernita,325,15000
611,Pearla,220,20000
613,Evin,325,12000
615,Idalina,120,50000
617,Kirk,180,30000
618,Orson,180,25000
619,Lyndsay,180,42000
621,Odessa,120,50000
622,Hestia,180,18000
625,Tonya,180,37000
630,Lyndy,180,37000
633,Shandra,120,50000
635,Sherwin,180,10000
640,Wolfy,120,33000
641,Maia,220,10000
643,Neron,180,42000
647,Felike,220,12000
649,Ruthy,180,20000
651,Thorndike,220,10000
652,Cesaro,325,30000
654,Damara,180,12000
658,Dorrie,120,42000
659,Willdon,220,10000
660,Cindi,325,12000
661,Shermie,120,12000
662,Byrom,180,42000
664,Natassia,325,42000
667,Kennan,120,12000
668,Katina,180,20000
670,Arlette,220,30000
673,Lambert,325,42000
674,Lamont,220,33000
676,Nani,220,50000
681,Burgess,120,12000
686,Rosalyn,325,37000
691,Krishna,325,50000
693,Baxy,120,20000
695,Justino,220,18000
697,Robbie,120,30000
704,Pauly,120,30000
706,Lia,120,20000
708,Merle,325,10000
709,Hagan,120,50000
711,Cinda,120,42000
712,Matelda,120,18000
713,Roslyn,120,25000
714,Jerrylee,180,10000
715,Lucky,325,42000
718,Fina,220,42000
721,Riobard,180,42000
722,Joannes,325,10000
723,Darlene,180,42000
726,Jonathon,220,50000
727,Rickie,220,42000
728,Klara,180,50000
732,Enrica,325,18000
734,Silas,180,20000
735,Kaia,180,25000
736,Arvie,325,15000
737,Keith,180,20000
738,Silvie,120,12000
740,Chen,325,37000
742,Silvano,220,12000
745,Gordon,325,12000
749,Carola,325,10000
750,Zsa zsa,180,20000
751,Jude,180,12000
752,Arch,180,33000
754,Amber,325,42000
755,Dorian,325,15000
757,Kerianne,220,37000
760,Sidonia,120,10000
761,Galvan,120,33000
764,Roslyn,180,10000
765,Jenny,180,33000
767,Brynne,325,18000
768,Blakeley,325,18000
769,Egan,325,10000
770,Barbey,325,20000
773,Juliana,180,50000
776,Letta,220,10000
779,Melva,120,42000
782,Laughton,325,15000
785,Francine,120,42000
787,Fayre,120,18000
788,Adelaida,180,37000
789,Florella,220,25000
790,Noll,120,30000
793,Grayce,325,33000
794,Harv,325,42000
796,Hersh,180,33000
798,Yelena,180,50000
802,Sheilah,180,42000
803,Lazaro,220,10000
806,Almira,220,42000
809,Obadias,220,10000
810,Efrem,325,20000
815,Lefty,220,50000
818,Hyatt,220,20000
819,Roch,220,33000
821,Trevor,180,10000
823,Tania,325,42000
825,Andrei,325,10000
826,Yetta,120,25000
829,Conan,180,20000
832,Olivier,325,20000
833,Oby,325,12000
839,Oralia,325,10000
840,Wadsworth,325,30000
842,Irv,120,15000
843,Grant,220,33000
846,Brendin,120,10000
847,Estella,220,42000
849,Gibb,180,20000
850,Amanda,325,37000
851,Sidoney,220,20000
853,Eve,180,12000
854,Levon,120,25000
855,Vassili,120,33000
856,Henrieta,180,30000
857,Devlen,120,37000
858,Ophelie,120,37000
859,Abramo,325,37000
861,Pietrek,325,25000
862,Holden,180,50000
864,Alonzo,325,12000
867,Emmanuel,220,30000
869,Malory,220,42000
870,Pearla,220,33000
872,Madonna,120,10000
874,Estella,325,20000
878,Ralf,120,12000
879,Barbey,325,12000
880,Josi,120,18000
881,Kenna,120,25000
884,Lona,220,30000
889,Flo,325,42000
890,Madel,180,12000
893,Annamarie,120,20000
894,Gabbie,220,42000
897,Gabriell,120,10000
898,Ki,220,30000
899,Martelle,120,15000
901,Shaughn,180,50000
902,Coral,120,18000
903,Judas,120,10000
904,Josiah,325,12000
906,Lynn,325,37000
907,Tabb,325,50000
908,Brittany,180,18000
910,Atlante,120,33000
911,Maurie,180,50000
912,Oren,120,20000
915,Tyrone,180,15000
916,Saunder,180,37000
918,Alysia,325,37000
920,Gretna,220,42000
927,Robinia,120,10000
928,Hayden,180,30000
930,Emory,325,37000
932,Debby,180,18000
933,Gui,325,20000
934,Dorette,120,37000
937,Randy,120,15000
938,Arabel,180,50000
941,Nina,120,25000
942,Vernen,120,18000
943,Loria,180,25000
945,Cherice,220,15000
946,Kimberley,325,18000
947,Martyn,180,25000
949,Clerissa,120,15000
950,Lonna,120,10000
951,Wake,220,25000
955,Delila,325,20000
956,Sioux,120,12000
960,Zitella,120,42000
961,Ginnie,180,15000
963,Arley,120,33000
965,Kirstin,180,12000
967,Esme,120,37000
968,Berenice,325,10000
969,Charlie,325,50000
970,Noach,325,12000
971,Mercedes,180,12000
972,Sloan,325,42000
973,Guglielma,120,15000
976,Arlina,325,33000
977,Wenonah,325,12000
979,Libbey,120,42000
981,Genevieve,180,20000
983,Josi,120,12000
985,Erna,325,33000
987,Mohammed,220,42000
988,Dawn,180,37000
990,Chiarra,325,18000
994,Raquela,180,12000
995,Maxi,325,18000
