7,Kimberlee,60,33000
8,Henrieta,90,30000
10,Aggie,75,15000
14,Bronnie,60,20000
16,Iver,90,12000
17,Ernesta,60,37000
18,Cirillo,88,50000
20,Bellanca,88,15000
22,Eugene,88,50000
24,Reagen,90,42000
26,Karim,75,25000
27,Anthea,90,42000
33,Earle,90,10000
34,Redd,88,42000
37,Stefa,88,42000
38,Roda,90,25000
39,Alfredo,88,10000
40,Sydney,75,10000
42,Ame,88,50000
43,Bradney,88,25000
46,Lonnard,75,50000
49,Dagmar,88,25000
51,Marion,88,50000
53,Hyacinthie,75,15000
56,Bernardine,75,33000
60,Kori,90,50000
61,Deeyn,88,20000
62,Marysa,75,20000
65,Star,90,33000
67,Blanch,75,15000
71,Shaughn,90,15000
72,Katrine,90,25000
73,Cristi,88,42000
74,Cristie,90,25000
75,Solomon,90,10000
77,Sacha,90,25000
83,Lesya,90,15000
85,Trenton,88,12000
86,Angie,90,20000
87,Joelle,90,37000
88,George,60,30000
89,Guenevere,90,30000
90,Margaretha,75,10000
91,Sully,60,15000
94,My,90,18000
95,Kyrstin,90,37000
96,Martino,75,15000
97,Marcellus,88,50000
99,Aleda,90,50000
100,Georgeta,88,10000
101,Marcille,88,10000
102,Ertha,88,10000
104,Geneva,90,33000
106,Nance,75,10000
110,Dominick,75,30000
112,Tersina,75,30000
113,Johnathon,90,15000
116,Tracey,75,20000
118,Stu,60,12000
121,Patrizio,60,15000
122,Linda,88,30000
124,Pen,60,18000
125,Esteban,88,15000
127,Cindelyn,60,12000
128,Zacharie,75,30000
129,Vina,88,42000
130,Omero,75,10000
131,Tom,75,33000
132,Dante,60,30000
138,Brynn,75,50000
139,Yankee,88,42000
141,Coreen,60,18000
142,Tanya,88,30000
143,Jenna,60,25000
144,Flora,90,33000
145,Dianna,90,20000
146,Armand,60,15000
153,Byram,90,42000
154,Bertine,60,25000
157,Maryjo,60,12000
158,Clarie,60,42000
159,Kipp,90,15000
162,Ofella,90,50000
165,Sib,60,33000
167,Didi,60,15000
168,Lodovico,60,18000
170,Devi,60,25000
173,Brandon,90,18000
174,Prentiss,60,30000
175,Lorant,88,50000
177,Robbi,75,10000
178,Mellicent,75,50000
179,Lynea,90,20000
181,Guillaume,60,37000
182,Loutitia,88,25000
184,Eric,60,50000
186,Ian,75,42000
187,Sebastien,75,37000
189,Maible,75,18000
190,Waldon,90,30000
191,Bethina,75,15000
192,Farand,88,42000
193,Zolly,88,25000
195,Roderigo,88,20000
196,Otho,90,20000
199,Eliot,60,12000
201,Odey,60,20000
202,Yorke,88,15000
205,Mallorie,88,30000
206,Borden,88,12000
207,Maddie,60,33000
208,Weider,88,50000
210,Sayres,88,10000
212,Thomasina,60,42000
214,Nicolina,90,30000
215,Nita,60,12000
218,Romola,88,50000
226,Trula,88,30000
229,Tabina,60,10000
230,Liana,60,33000
232,Alla,88,30000
234,Pietro,75,18000
235,Hiram,88,20000
240,Billie,75,37000
241,Alexandra,75,42000
242,Broddie,90,42000
245,Donal,75,18000
249,Jessee,90,30000
250,Tiphani,88,42000
252,Karlotte,88,20000
254,Morris,88,10000
255,Yuri,75,25000
260,Tadd,60,50000
261,Josiah,88,10000
262,Melisa,88,12000
263,Orelee,90,20000
266,Arel,88,30000
267,Abbie,75,25000
269,Shirl,75,20000
270,Edlin,88,20000
271,Larina,60,18000
272,Duncan,60,37000
274,Dyann,75,50000
275,Charmian,60,15000
276,Dru,75,50000
277,Kiel,75,50000
279,Alberik,88,50000
284,Sidonia,60,10000
285,Bartel,60,37000
286,Jodi,90,30000
288,Dudley,90,42000
289,Dulcea,75,25000
290,Gordon,60,25000
292,Christiano,60,50000
295,Catriona,60,42000
296,Leigh,90,37000
298,Sayre,90,18000
300,Zabrina,88,12000
301,Cos,75,30000
305,Jacinda,60,50000
306,Silvan,75,12000
307,Renie,90,33000
309,Ernestus,60,12000
310,Brnaba,90,37000
312,Lenci,90,42000
317,Web,90,37000
318,Urban,88,10000
319,Fan,90,18000
321,Wilona,90,25000
322,Richard,90,42000
323,Hilary,90,37000
324,Ad,90,33000
328,Matias,60,33000
329,Urbano,60,50000
331,Booth,88,15000
332,Eden,75,18000
333,Cornie,75,15000
335,Rand,88,20000
337,Lira,60,30000
339,Nona,75,30000
342,Floria,60,12000
343,Johannes,88,18000
344,Genevra,90,10000
347,Tarra,75,12000
349,Cassie,88,50000
354,Kurtis,88,50000
358,Ula,75,50000
359,Tully,88,18000
361,Sinclair,60,50000
364,Junie,90,20000
369,Deni,60,42000
372,Andy,75,37000
373,Veronica,75,42000
374,Dalis,60,42000
376,Vikky,90,15000
381,Silas,90,15000
382,Alister,90,33000
385,Gayel,90,20000
386,Demeter,88,10000
387,Juliann,90,50000
390,Ag,88,50000
391,Sherwin,88,50000
392,Vikki,88,33000
393,Barret,60,10000
394,Gaelan,90,25000
395,Livy,60,20000
396,Iorgos,90,18000
397,Charil,88,33000
398,Easter,88,30000
400,Prince,60,25000
403,Bar,88,20000
405,Amerigo,88,33000
410,Fidelia,60,12000
411,Frayda,60,30000
412,Babita,90,30000
413,Clair,75,42000
416,Dennie,75,42000
417,Sibley,60,20000
418,Addia,75,20000
425,Jordan,90,33000
429,Coleman,90,25000
430,Pincus,88,42000
434,Brietta,75,42000
435,Wesley,60,10000
437,Any,60,18000
438,Gardie,90,12000
440,Garold,60,20000
448,Lenora,60,18000
451,Margalit,75,15000
452,Samara,88,50000
456,Leeanne,75,10000
459,Karen,60,20000
461,Anthia,60,37000
464,Liana,90,15000
467,Svend,60,25000
468,Kendell,90,25000
469,Chrisy,60,15000
470,Rod,75,50000
471,Ramsay,90,20000
474,Salomi,60,10000
475,Coletta,90,50000
476,Abigael,90,12000
477,Mariele,60,33000
478,Brooke,88,20000
479,Benita,90,25000
480,Marissa,90,37000
481,Lionello,60,37000
489,Dorothea,75,15000
490,Tamarah,88,50000
491,Skipton,75,10000
492,Minny,90,33000
493,Joshia,75,33000
499,Bibbie,60,37000
503,Patton,60,15000
504,Karie,75,25000
505,Martguerita,90,50000
506,Lothaire,60,20000
511,Markos,60,20000
512,Bird,75,18000
514,Vincents,90,25000
520,Coop,90,37000
523,Eddy,88,12000
525,Edan,88,20000
530,Mort,90,42000
531,Maxi,75,37000
535,Frans,88,33000
537,Ced,90,20000
538,Caren,75,12000
539,Christie,88,18000
542,Gene,90,15000
545,Domini,88,18000
546,Henrie,75,50000
551,Gauthier,88,12000
554,Lucais,90,42000
557,Babbie,75,15000
558,Caren,90,15000
560,Hesther,88,15000
561,Sasha,88,15000
564,Briney,88,12000
565,Rutherford,90,15000
569,Carter,88,33000
572,Antonella,90,15000
573,Sutherlan,75,10000
574,Phillipe,88,37000
576,Corrina,75,15000
580,Delaney,88,50000
582,Grier,88,42000
594,Cyndia,88,33000
597,Isabelle,60,20000
599,Howard,88,18000
600,Cornall,75,18000
601,Emmalee,90,18000
605,Minda,90,15000
606,Dedie,88,33000
610,Sayre,90,33000
612,Fidole,75,30000
614,Fredia,60,20000
616,Hetti,75,30000
620,Lissy,60,37000
623,Dorotea,88,10000
624,Giraud,90,15000
626,Menard,88,37000
627,Nicola,75,12000
628,Maddy,60,25000
629,Mace,88,18000
631,Ivonne,90,20000
632,Josepha,88,20000
634,Viva,88,25000
636,Abigail,90,18000
637,Rosalia,60,18000
638,Merissa,60,25000
639,Marylee,60,50000
642,Elinor,60,33000
644,Malachi,60,25000
645,Sarajane,60,10000
646,Arlie,88,42000
648,Ethan,90,12000
650,Hugo,60,30000
653,Harmonia,75,12000
655,Maddy,88,25000
656,Filmer,90,50000
657,Boothe,75,12000
663,Millie,90,15000
665,Wheeler,60,25000
666,Caritta,88,12000
669,Beverlee,60,25000
671,Jacqueline,90,50000
672,Sheila-kathryn,90,10000
675,Immanuel,75,33000
677,Galen,60,50000
678,Nilson,88,10000
679,Tomi,60,50000
680,Flore,75,30000
682,Tally,75,42000
683,Jaquenette,60,25000
684,Sly,60,42000
685,Yul,60,30000
687,Devondra,75,10000
688,Xenos,88,37000
689,Terrence,75,42000
690,Krystyna,60,50000
692,Zorina,75,18000
694,Terrie,75,42000
696,Erhard,75,33000
698,Paddie,90,33000
699,Evelyn,75,10000
700,Abbot,90,33000
701,Tedra,90,33000
702,Rikki,90,12000
703,Alverta,90,25000
705,Ariella,60,12000
707,Petronille,75,42000
710,Nikolaus,88,30000
716,Elita,90,18000
717,Hyacinthia,90,25000
719,Kamila,88,42000
720,Jennie,88,42000
724,Zia,75,42000
725,Cristina,90,15000
729,Osbert,75,33000
730,Emmet,90,37000
731,Cassandry,60,33000
733,Evvy,75,42000
739,Winnifred,75,10000
741,Carleton,75,15000
743,Pancho,88,18000
744,Melonie,90,33000
746,Rosemarie,75,10000
747,Graehme,90,18000
748,Mitchael,90,33000
753,Andrej,88,50000
756,Kaitlynn,88,15000
758,Boycie,88,18000
759,Nanete,90,37000
762,Lucienne,75,25000
763,Davidson,75,37000
766,Toby,88,20000
771,Portia,60,33000
772,Alica,60,37000
774,Barde,88,18000
775,Wilie,90,30000
777,Ree,90,42000
778,Ingmar,75,18000
780,Tootsie,88,25000
781,Felike,75,33000
783,Crosby,60,12000
784,Marianne,60,33000
786,Edan,60,50000
791,Ki,60,42000
792,Jermayne,75,33000
795,Lorianna,60,15000
797,Diahann,88,33000
799,Emmaline,88,37000
800,Daffi,90,12000
801,Janine,60,50000
804,Earle,90,30000
805,Fred,88,25000
807,Wini,88,37000
808,Emanuel,75,30000
811,Susi,60,18000
812,Maxy,60,15000
813,Agnes,88,42000
814,Obadiah,60,12000
816,Michele,88,42000
817,Cynthia,88,25000
820,Mag,88,12000
822,Jefferey,75,10000
824,Mercie,90,42000
827,Angeli,90,20000
828,Norbert,90,20000
830,Cale,60,50000
831,Christina,60,37000
834,Chad,75,15000
835,Adelle,60,10000
836,Keene,60,25000
837,Corrina,75,50000
838,Hashim,88,50000
841,Shelley,60,15000
844,Bella,88,18000
845,Yardley,60,50000
848,Rasia,60,37000
852,Giacopo,90,18000
860,Fair,60,37000
863,Cherish,90,42000
865,Devonna,60,18000
866,Rubi,60,18000
868,Trumaine,88,42000
871,Phelia,60,33000
873,Thomasa,90,18000
875,Saw,60,15000
876,Cecil,75,37000
877,Mac,60,25000
882,Rina,75,25000
883,Callida,88,33000
885,Jan,90,18000
886,Bailey,88,30000
887,Guillermo,75,42000
888,Katlin,88,25000
891,Conant,75,37000
892,Devland,60,10000
895,Frasquito,90,15000
896,Oberon,88,15000
900,Riccardo,90,42000
905,Freda,60,42000
909,Leo,88,42000
913,Anetta,60,10000
914,Curry,88,20000
917,Luis,60,12000
919,Calypso,90,12000
921,Odie,90,20000
922,Wenda,90,12000
923,Ezekiel,75,20000
924,Orlan,60,25000
925,Wittie,90,37000
926,Abbie,90,18000
929,Melody,60,20000
931,Callie,75,10000
935,Jillane,90,37000
936,Carolina,88,33000
939,Verina,75,37000
940,Josefina,90,30000
944,Isabeau,88,37000
948,Agustin,75,25000
952,Edwina,75,42000
953,Lacey,75,50000
954,Laetitia,90,33000
957,Floyd,75,15000
958,Trista,75,50000
959,Shaughn,90,15000
962,Burty,60,12000
964,Ansley,75,37000
966,Karon,88,10000
974,Herrick,75,30000
975,Aleksandr,88,42000
978,Warner,90,30000
980,Brana,60,10000
982,Sharai,75,10000
984,Pebrook,60,33000
986,Ferd,88,25000
989,Wandie,60,25000
991,Zaccaria,88,33000
992,Trenna,90,10000
993,Angelia,60,50000
996,Atalanta,90,37000
997,De witt,88,12000
998,Jaye,75,25000
999,Tamarra,60,15000
1000,Saleem,60,20000
